{
  "best_epoch": 9,
  "peak_worker_0_memory_MB": 597.32,
  "peak_gpu_0_memory_MB": 2,
  "training_duration": "0:00:05.520578",
  "training_start_epoch": 0,
  "training_epochs": 9,
  "epoch": 9,
  "training_accuracy": 0.553448042270695,
  "training_accuracy3": 0.7307952851917084,
  "training_loss": 2.2019165992736816,
  "training_reg_loss": 0.0,
  "training_worker_0_memory_MB": 597.32,
  "training_gpu_0_memory_MB": 2,
  "validation_accuracy": 0.5293282876064334,
  "validation_accuracy3": 0.7100283822138127,
  "validation_loss": 2.2037441730499268,
  "validation_reg_loss": 0.0,
  "best_validation_accuracy": 0.5293282876064334,
  "best_validation_accuracy3": 0.7100283822138127,
  "best_validation_loss": 2.2037441730499268,
  "best_validation_reg_loss": 0.0
}