{
  "best_epoch": 20,
  "peak_worker_0_memory_MB": 600.128,
  "peak_gpu_0_memory_MB": 2,
  "training_duration": "0:00:11.551147",
  "training_start_epoch": 0,
  "training_epochs": 20,
  "epoch": 20,
  "training_accuracy": 0.6408345752608048,
  "training_accuracy3": 0.8441945535835252,
  "training_loss": 1.4768332719802857,
  "training_reg_loss": 0.0,
  "training_worker_0_memory_MB": 600.128,
  "training_gpu_0_memory_MB": 2,
  "validation_accuracy": 0.6177861873226111,
  "validation_accuracy3": 0.8543046357615894,
  "validation_loss": 1.5521424412727356,
  "validation_reg_loss": 0.0,
  "best_validation_accuracy": 0.6177861873226111,
  "best_validation_accuracy3": 0.8543046357615894,
  "best_validation_loss": 1.5521424412727356,
  "best_validation_reg_loss": 0.0
}