{
  "best_epoch": 27,
  "peak_worker_0_memory_MB": 600.128,
  "peak_gpu_0_memory_MB": 2,
  "training_duration": "0:00:15.448216",
  "training_start_epoch": 0,
  "training_epochs": 27,
  "epoch": 27,
  "training_accuracy": 0.8722395339384907,
  "training_accuracy3": 0.9475680802059342,
  "training_loss": 0.9818848133087158,
  "training_reg_loss": 0.0,
  "training_worker_0_memory_MB": 600.128,
  "training_gpu_0_memory_MB": 2,
  "validation_accuracy": 0.7743614001892147,
  "validation_accuracy3": 0.9224219489120151,
  "validation_loss": 1.1385982036590576,
  "validation_reg_loss": 0.0,
  "best_validation_accuracy": 0.7743614001892147,
  "best_validation_accuracy3": 0.9224219489120151,
  "best_validation_loss": 1.1385982036590576,
  "best_validation_reg_loss": 0.0
}