{
  "best_epoch": 39,
  "peak_worker_0_memory_MB": 614.972,
  "peak_gpu_0_memory_MB": 2,
  "training_duration": "0:00:21.935531",
  "training_start_epoch": 0,
  "training_epochs": 39,
  "epoch": 39,
  "training_accuracy": 0.9532583660750575,
  "training_accuracy3": 0.9890258772524049,
  "training_loss": 0.4374297559261322,
  "training_reg_loss": 0.0,
  "training_worker_0_memory_MB": 614.972,
  "training_gpu_0_memory_MB": 2,
  "validation_accuracy": 0.8311258278145696,
  "validation_accuracy3": 0.9361400189214759,
  "validation_loss": 0.7118577063083649,
  "validation_reg_loss": 0.0,
  "best_validation_accuracy": 0.8311258278145696,
  "best_validation_accuracy3": 0.9361400189214759,
  "best_validation_loss": 0.7118577063083649,
  "best_validation_reg_loss": 0.0,
  "test_accuracy": 0.8311258278145696,
  "test_accuracy3": 0.9361400189214759,
  "test_loss": 0.7118577063083649
}