{
  "best_epoch": 23,
  "peak_worker_0_memory_MB": 600.128,
  "peak_gpu_0_memory_MB": 2,
  "training_duration": "0:00:13.216815",
  "training_start_epoch": 0,
  "training_epochs": 23,
  "epoch": 23,
  "training_accuracy": 0.7404145779704647,
  "training_accuracy3": 0.8973038883620106,
  "training_loss": 1.258782696723938,
  "training_reg_loss": 0.0,
  "training_worker_0_memory_MB": 600.128,
  "training_gpu_0_memory_MB": 2,
  "validation_accuracy": 0.7019867549668874,
  "validation_accuracy3": 0.8831598864711447,
  "validation_loss": 1.3682295083999634,
  "validation_reg_loss": 0.0,
  "best_validation_accuracy": 0.7019867549668874,
  "best_validation_accuracy3": 0.8831598864711447,
  "best_validation_loss": 1.3682295083999634,
  "best_validation_reg_loss": 0.0
}