{
  "best_epoch": 21,
  "peak_worker_0_memory_MB": 600.128,
  "peak_gpu_0_memory_MB": 2,
  "training_duration": "0:00:12.105780",
  "training_start_epoch": 0,
  "training_epochs": 21,
  "epoch": 21,
  "training_accuracy": 0.6794472293727137,
  "training_accuracy3": 0.8608589622002438,
  "training_loss": 1.40236976146698,
  "training_reg_loss": 0.0,
  "training_worker_0_memory_MB": 600.128,
  "training_gpu_0_memory_MB": 2,
  "validation_accuracy": 0.6527909176915799,
  "validation_accuracy3": 0.8632923368022706,
  "validation_loss": 1.4901335835456848,
  "validation_reg_loss": 0.0,
  "best_validation_accuracy": 0.6527909176915799,
  "best_validation_accuracy3": 0.8632923368022706,
  "best_validation_loss": 1.4901335835456848,
  "best_validation_reg_loss": 0.0
}