{
  "best_epoch": 34,
  "peak_worker_0_memory_MB": 604.608,
  "peak_gpu_0_memory_MB": 2,
  "training_duration": "0:00:19.264608",
  "training_start_epoch": 0,
  "training_epochs": 34,
  "epoch": 34,
  "training_accuracy": 0.937813304430294,
  "training_accuracy3": 0.9837420403739331,
  "training_loss": 0.6043643236160279,
  "training_reg_loss": 0.0,
  "training_worker_0_memory_MB": 604.608,
  "training_gpu_0_memory_MB": 2,
  "validation_accuracy": 0.8131504257332072,
  "validation_accuracy3": 0.9328287606433302,
  "validation_loss": 0.8393571972846985,
  "validation_reg_loss": 0.0,
  "best_validation_accuracy": 0.8131504257332072,
  "best_validation_accuracy3": 0.9328287606433302,
  "best_validation_loss": 0.8393571972846985,
  "best_validation_reg_loss": 0.0
}