{
  "best_epoch": 30,
  "peak_worker_0_memory_MB": 604.608,
  "peak_gpu_0_memory_MB": 2,
  "training_duration": "0:00:17.112025",
  "training_start_epoch": 0,
  "training_epochs": 30,
  "epoch": 30,
  "training_accuracy": 0.9112586370410514,
  "training_accuracy3": 0.97005825768866,
  "training_loss": 0.800251579284668,
  "training_reg_loss": 0.0,
  "training_worker_0_memory_MB": 604.608,
  "training_gpu_0_memory_MB": 2,
  "validation_accuracy": 0.7894985808893094,
  "validation_accuracy3": 0.9309366130558183,
  "validation_loss": 0.9919776022434235,
  "validation_reg_loss": 0.0,
  "best_validation_accuracy": 0.7894985808893094,
  "best_validation_accuracy3": 0.9309366130558183,
  "best_validation_loss": 0.9919776022434235,
  "best_validation_reg_loss": 0.0
}