{
  "best_epoch": 35,
  "peak_worker_0_memory_MB": 604.608,
  "peak_gpu_0_memory_MB": 2,
  "training_duration": "0:00:19.780981",
  "training_start_epoch": 0,
  "training_epochs": 35,
  "epoch": 35,
  "training_accuracy": 0.9424197263243463,
  "training_accuracy3": 0.9853678363365398,
  "training_loss": 0.5651291131973266,
  "training_reg_loss": 0.0,
  "training_worker_0_memory_MB": 604.608,
  "training_gpu_0_memory_MB": 2,
  "validation_accuracy": 0.815515610217597,
  "validation_accuracy3": 0.9323557237464523,
  "validation_loss": 0.8087801039218903,
  "validation_reg_loss": 0.0,
  "best_validation_accuracy": 0.815515610217597,
  "best_validation_accuracy3": 0.9323557237464523,
  "best_validation_loss": 0.8087801039218903,
  "best_validation_reg_loss": 0.0
}