{
  "best_epoch": 19,
  "peak_worker_0_memory_MB": 600.128,
  "peak_gpu_0_memory_MB": 2,
  "training_duration": "0:00:10.996153",
  "training_start_epoch": 0,
  "training_epochs": 19,
  "epoch": 19,
  "training_accuracy": 0.6129250779027232,
  "training_accuracy3": 0.8252269340197805,
  "training_loss": 1.5453176736831664,
  "training_reg_loss": 0.0,
  "training_worker_0_memory_MB": 600.128,
  "training_gpu_0_memory_MB": 2,
  "validation_accuracy": 0.5808893093661306,
  "validation_accuracy3": 0.8197729422894986,
  "validation_loss": 1.6139165163040161,
  "validation_reg_loss": 0.0,
  "best_validation_accuracy": 0.5808893093661306,
  "best_validation_accuracy3": 0.8197729422894986,
  "best_validation_loss": 1.6139165163040161,
  "best_validation_reg_loss": 0.0
}