{
  "best_epoch": 13,
  "peak_worker_0_memory_MB": 597.32,
  "peak_gpu_0_memory_MB": 2,
  "training_duration": "0:00:07.712077",
  "training_start_epoch": 0,
  "training_epochs": 13,
  "epoch": 13,
  "training_accuracy": 0.5636092670369869,
  "training_accuracy3": 0.7676466603441268,
  "training_loss": 1.9631139993667603,
  "training_reg_loss": 0.0,
  "training_worker_0_memory_MB": 597.32,
  "training_gpu_0_memory_MB": 2,
  "validation_accuracy": 0.5141911069063387,
  "validation_accuracy3": 0.771996215704825,
  "validation_loss": 1.9831632375717163,
  "validation_reg_loss": 0.0,
  "best_validation_accuracy": 0.5141911069063387,
  "best_validation_accuracy3": 0.771996215704825,
  "best_validation_loss": 1.9831632375717163,
  "best_validation_reg_loss": 0.0
}