{
  "best_epoch": 14,
  "peak_worker_0_memory_MB": 597.32,
  "peak_gpu_0_memory_MB": 2,
  "training_duration": "0:00:08.256543",
  "training_start_epoch": 0,
  "training_epochs": 14,
  "epoch": 14,
  "training_accuracy": 0.5611705730930768,
  "training_accuracy3": 0.7756401571602763,
  "training_loss": 1.8949606895446778,
  "training_reg_loss": 0.0,
  "training_worker_0_memory_MB": 597.32,
  "training_gpu_0_memory_MB": 2,
  "validation_accuracy": 0.5198675496688742,
  "validation_accuracy3": 0.7786187322611163,
  "validation_loss": 1.9213665127754211,
  "validation_reg_loss": 0.0,
  "best_validation_accuracy": 0.5198675496688742,
  "best_validation_accuracy3": 0.7786187322611163,
  "best_validation_loss": 1.9213665127754211,
  "best_validation_reg_loss": 0.0
}