{
  "best_epoch": 4,
  "peak_worker_0_memory_MB": 589.98,
  "peak_gpu_0_memory_MB": 2,
  "training_duration": "0:00:02.752399",
  "training_start_epoch": 0,
  "training_epochs": 4,
  "epoch": 4,
  "training_accuracy": 0.4447906787698144,
  "training_accuracy3": 0.6770085354288037,
  "training_loss": 2.3920266151428224,
  "training_reg_loss": 0.0,
  "training_worker_0_memory_MB": 589.98,
  "training_gpu_0_memory_MB": 2,
  "validation_accuracy": 0.42857142857142855,
  "validation_accuracy3": 0.6896877956480606,
  "validation_loss": 2.3852702379226685,
  "validation_reg_loss": 0.0,
  "best_validation_accuracy": 0.42857142857142855,
  "best_validation_accuracy3": 0.6896877956480606,
  "best_validation_loss": 2.3852702379226685,
  "best_validation_reg_loss": 0.0
}