{
  "best_epoch": 18,
  "peak_worker_0_memory_MB": 600.128,
  "peak_gpu_0_memory_MB": 2,
  "training_duration": "0:00:10.444806",
  "training_start_epoch": 0,
  "training_epochs": 18,
  "epoch": 18,
  "training_accuracy": 0.5959897032922368,
  "training_accuracy3": 0.8124915323126948,
  "training_loss": 1.615259623527527,
  "training_reg_loss": 0.0,
  "training_worker_0_memory_MB": 600.128,
  "training_gpu_0_memory_MB": 2,
  "validation_accuracy": 0.5529801324503312,
  "validation_accuracy3": 0.8098391674550615,
  "validation_loss": 1.6754142045974731,
  "validation_reg_loss": 0.0,
  "best_validation_accuracy": 0.5529801324503312,
  "best_validation_accuracy3": 0.8098391674550615,
  "best_validation_loss": 1.6754142045974731,
  "best_validation_reg_loss": 0.0
}