{
  "best_epoch": 37,
  "peak_worker_0_memory_MB": 658.352,
  "peak_gpu_0_memory_MB": 2,
  "training_duration": "0:01:34.243722",
  "training_start_epoch": 0,
  "training_epochs": 37,
  "epoch": 37,
  "training_accuracy": 0.968624756670102,
  "training_accuracy3": 0.9815641818390015,
  "training_loss": 0.14706834276085315,
  "training_reg_loss": 0.0,
  "training_worker_0_memory_MB": 658.352,
  "training_gpu_0_memory_MB": 2,
  "validation_accuracy": 0.952674005374014,
  "validation_accuracy3": 0.9666291063534714,
  "validation_loss": 0.27399360574781895,
  "validation_reg_loss": 0.0,
  "best_validation_accuracy": 0.952674005374014,
  "best_validation_accuracy3": 0.9666291063534714,
  "best_validation_loss": 0.27399360574781895,
  "best_validation_reg_loss": 0.0
}