{
  "best_epoch": 7,
  "peak_worker_0_memory_MB": 655.4,
  "peak_gpu_0_memory_MB": 2,
  "training_duration": "0:00:19.953408",
  "training_start_epoch": 0,
  "training_epochs": 7,
  "epoch": 7,
  "training_accuracy": 0.9472976067788846,
  "training_accuracy3": 0.9674510477499141,
  "training_loss": 0.2958939852921859,
  "training_reg_loss": 0.0,
  "training_worker_0_memory_MB": 655.4,
  "training_gpu_0_memory_MB": 2,
  "validation_accuracy": 0.9461731819363786,
  "validation_accuracy3": 0.9646355204992633,
  "validation_loss": 0.32757909037172794,
  "validation_reg_loss": 0.0,
  "best_validation_accuracy": 0.9461731819363786,
  "best_validation_accuracy3": 0.9646355204992633,
  "best_validation_loss": 0.32757909037172794,
  "best_validation_reg_loss": 0.0
}