{
  "best_epoch": 26,
  "peak_worker_0_memory_MB": 658.352,
  "peak_gpu_0_memory_MB": 2,
  "training_duration": "0:01:06.799913",
  "training_start_epoch": 0,
  "training_epochs": 26,
  "epoch": 26,
  "training_accuracy": 0.957259819077064,
  "training_accuracy3": 0.9739493873811977,
  "training_loss": 0.18104164723468863,
  "training_reg_loss": 0.0,
  "training_worker_0_memory_MB": 658.352,
  "training_gpu_0_memory_MB": 2,
  "validation_accuracy": 0.9492935771864436,
  "validation_accuracy3": 0.9668891392909769,
  "validation_loss": 0.2791025061160326,
  "validation_reg_loss": 0.0,
  "best_validation_accuracy": 0.9492935771864436,
  "best_validation_accuracy3": 0.9668891392909769,
  "best_validation_loss": 0.2791025061160326,
  "best_validation_reg_loss": 0.0
}