{
  "best_epoch": 39,
  "peak_worker_0_memory_MB": 658.352,
  "peak_gpu_0_memory_MB": 2,
  "training_duration": "0:01:39.170532",
  "training_start_epoch": 0,
  "training_epochs": 39,
  "epoch": 39,
  "training_accuracy": 0.9714302072598191,
  "training_accuracy3": 0.9824802473376847,
  "training_loss": 0.14030409733886304,
  "training_reg_loss": 0.0,
  "training_worker_0_memory_MB": 658.352,
  "training_gpu_0_memory_MB": 2,
  "validation_accuracy": 0.9531940712490249,
  "validation_accuracy3": 0.9664557510618011,
  "validation_loss": 0.2734900265932083,
  "validation_reg_loss": 0.0,
  "best_validation_accuracy": 0.9531940712490249,
  "best_validation_accuracy3": 0.9664557510618011,
  "best_validation_loss": 0.2734900265932083,
  "best_validation_reg_loss": 0.0,
  "test_accuracy": 0.9531940712490249,
  "test_accuracy3": 0.9664557510618011,
  "test_loss": 0.2734900265932083
}