{
  "best_epoch": 9,
  "peak_worker_0_memory_MB": 655.4,
  "peak_gpu_0_memory_MB": 2,
  "training_duration": "0:00:24.883733",
  "training_start_epoch": 0,
  "training_epochs": 9,
  "epoch": 9,
  "training_accuracy": 0.9472976067788846,
  "training_accuracy3": 0.9667926256727356,
  "training_loss": 0.26464706788892334,
  "training_reg_loss": 0.0,
  "training_worker_0_memory_MB": 655.4,
  "training_gpu_0_memory_MB": 2,
  "validation_accuracy": 0.9461731819363786,
  "validation_accuracy3": 0.9642021322700876,
  "validation_loss": 0.30917289666831493,
  "validation_reg_loss": 0.0,
  "best_validation_accuracy": 0.9461731819363786,
  "best_validation_accuracy3": 0.9642021322700876,
  "best_validation_loss": 0.30917289666831493,
  "best_validation_reg_loss": 0.0
}