{
  "best_epoch": 16,
  "peak_worker_0_memory_MB": 658.352,
  "peak_gpu_0_memory_MB": 2,
  "training_duration": "0:00:42.161023",
  "training_start_epoch": 0,
  "training_epochs": 16,
  "epoch": 16,
  "training_accuracy": 0.9501316844154357,
  "training_accuracy3": 0.9686533837169358,
  "training_loss": 0.21278857342574908,
  "training_reg_loss": 0.0,
  "training_worker_0_memory_MB": 658.352,
  "training_gpu_0_memory_MB": 2,
  "validation_accuracy": 0.9478200572072463,
  "validation_accuracy3": 0.9649822310826038,
  "validation_loss": 0.2863797973841429,
  "validation_reg_loss": 0.0,
  "best_validation_accuracy": 0.9478200572072463,
  "best_validation_accuracy3": 0.9649822310826038,
  "best_validation_loss": 0.2863797973841429,
  "best_validation_reg_loss": 0.0
}