{
  "best_epoch": 24,
  "peak_worker_0_memory_MB": 658.352,
  "peak_gpu_0_memory_MB": 2,
  "training_duration": "0:01:01.885701",
  "training_start_epoch": 0,
  "training_epochs": 24,
  "epoch": 24,
  "training_accuracy": 0.9561147372037101,
  "training_accuracy3": 0.9733195923508531,
  "training_loss": 0.1866086773250414,
  "training_reg_loss": 0.0,
  "training_worker_0_memory_MB": 658.352,
  "training_gpu_0_memory_MB": 2,
  "validation_accuracy": 0.9492068995406084,
  "validation_accuracy3": 0.966369073415966,
  "validation_loss": 0.28006589971482754,
  "validation_reg_loss": 0.0,
  "best_validation_accuracy": 0.9492068995406084,
  "best_validation_accuracy3": 0.966369073415966,
  "best_validation_loss": 0.28006589971482754,
  "best_validation_reg_loss": 0.0
}