{
  "best_epoch": 23,
  "peak_worker_0_memory_MB": 658.352,
  "peak_gpu_0_memory_MB": 2,
  "training_duration": "0:00:59.432185",
  "training_start_epoch": 0,
  "training_epochs": 23,
  "epoch": 23,
  "training_accuracy": 0.9554563151265315,
  "training_accuracy3": 0.9727470514141762,
  "training_loss": 0.18878387756969617,
  "training_reg_loss": 0.0,
  "training_worker_0_memory_MB": 658.352,
  "training_gpu_0_memory_MB": 2,
  "validation_accuracy": 0.9490335442489382,
  "validation_accuracy3": 0.9664557510618011,
  "validation_loss": 0.28050269931554794,
  "validation_reg_loss": 0.0,
  "best_validation_accuracy": 0.9490335442489382,
  "best_validation_accuracy3": 0.9664557510618011,
  "best_validation_loss": 0.28050269931554794,
  "best_validation_reg_loss": 0.0
}