{
  "best_epoch": 32,
  "peak_worker_0_memory_MB": 658.352,
  "peak_gpu_0_memory_MB": 2,
  "training_duration": "0:01:21.814169",
  "training_start_epoch": 0,
  "training_epochs": 32,
  "epoch": 32,
  "training_accuracy": 0.9628707202564983,
  "training_accuracy3": 0.9792453910454597,
  "training_loss": 0.16414602003667667,
  "training_reg_loss": 0.0,
  "training_worker_0_memory_MB": 658.352,
  "training_gpu_0_memory_MB": 2,
  "validation_accuracy": 0.9509404524573113,
  "validation_accuracy3": 0.966369073415966,
  "validation_loss": 0.2762583363801241,
  "validation_reg_loss": 0.0,
  "best_validation_accuracy": 0.9509404524573113,
  "best_validation_accuracy3": 0.966369073415966,
  "best_validation_loss": 0.2762583363801241,
  "best_validation_reg_loss": 0.0
}