{
  "best_epoch": 5,
  "peak_worker_0_memory_MB": 655.4,
  "peak_gpu_0_memory_MB": 2,
  "training_duration": "0:00:15.045551",
  "training_start_epoch": 0,
  "training_epochs": 5,
  "epoch": 5,
  "training_accuracy": 0.9472976067788846,
  "training_accuracy3": 0.9622122981793199,
  "training_loss": 0.36104650860247406,
  "training_reg_loss": 0.0,
  "training_worker_0_memory_MB": 655.4,
  "training_gpu_0_memory_MB": 2,
  "validation_accuracy": 0.9461731819363786,
  "validation_accuracy3": 0.9606483487908468,
  "validation_loss": 0.3640674017369747,
  "validation_reg_loss": 0.0,
  "best_validation_accuracy": 0.9461731819363786,
  "best_validation_accuracy3": 0.9606483487908468,
  "best_validation_loss": 0.3640674017369747,
  "best_validation_reg_loss": 0.0
}