{
  "best_epoch": 33,
  "peak_worker_0_memory_MB": 658.352,
  "peak_gpu_0_memory_MB": 2,
  "training_duration": "0:01:24.340125",
  "training_start_epoch": 0,
  "training_epochs": 33,
  "epoch": 33,
  "training_accuracy": 0.9644165807855262,
  "training_accuracy3": 0.9799610672163059,
  "training_loss": 0.16033606004455817,
  "training_reg_loss": 0.0,
  "training_worker_0_memory_MB": 658.352,
  "training_gpu_0_memory_MB": 2,
  "validation_accuracy": 0.9511138077489816,
  "validation_accuracy3": 0.9661957181242957,
  "validation_loss": 0.2757254112511873,
  "validation_reg_loss": 0.0,
  "best_validation_accuracy": 0.9511138077489816,
  "best_validation_accuracy3": 0.9661957181242957,
  "best_validation_loss": 0.2757254112511873,
  "best_validation_reg_loss": 0.0
}