{
  "best_epoch": 15,
  "peak_worker_0_memory_MB": 658.352,
  "peak_gpu_0_memory_MB": 2,
  "training_duration": "0:00:39.706537",
  "training_start_epoch": 0,
  "training_epochs": 15,
  "epoch": 15,
  "training_accuracy": 0.9498454139470972,
  "training_accuracy3": 0.9682526050612619,
  "training_loss": 0.21822182834148407,
  "training_reg_loss": 0.0,
  "training_worker_0_memory_MB": 658.352,
  "training_gpu_0_memory_MB": 2,
  "validation_accuracy": 0.9478200572072463,
  "validation_accuracy3": 0.9648088757909336,
  "validation_loss": 0.2878738772124052,
  "validation_reg_loss": 0.0,
  "best_validation_accuracy": 0.9478200572072463,
  "best_validation_accuracy3": 0.9648088757909336,
  "best_validation_loss": 0.2878738772124052,
  "best_validation_reg_loss": 0.0
}