{
  "best_epoch": 0,
  "peak_worker_0_memory_MB": 494.34,
  "peak_gpu_0_memory_MB": 2,
  "training_duration": "0:00:02.835330",
  "training_start_epoch": 0,
  "training_epochs": 0,
  "epoch": 0,
  "training_accuracy": 0.5183785640673308,
  "training_accuracy3": 0.6514084507042254,
  "training_loss": 2.931306279223898,
  "training_reg_loss": 0.0,
  "training_worker_0_memory_MB": 494.34,
  "training_gpu_0_memory_MB": 2,
  "validation_accuracy": 0.9461731819363786,
  "validation_accuracy3": 0.9548409465198925,
  "validation_loss": 2.778660863637924,
  "validation_reg_loss": 0.0,
  "best_validation_accuracy": 0.9461731819363786,
  "best_validation_accuracy3": 0.9548409465198925,
  "best_validation_loss": 2.778660863637924,
  "best_validation_reg_loss": 0.0
}