{
  "best_epoch": 3,
  "peak_worker_0_memory_MB": 655.4,
  "peak_gpu_0_memory_MB": 2,
  "training_duration": "0:00:10.156067",
  "training_start_epoch": 0,
  "training_epochs": 3,
  "epoch": 3,
  "training_accuracy": 0.9472976067788846,
  "training_accuracy3": 0.9579468682010763,
  "training_loss": 1.1755121739014336,
  "training_reg_loss": 0.0,
  "training_worker_0_memory_MB": 655.4,
  "training_gpu_0_memory_MB": 2,
  "validation_accuracy": 0.9461731819363786,
  "validation_accuracy3": 0.9530207159573546,
  "validation_loss": 0.797940731048584,
  "validation_reg_loss": 0.0,
  "best_validation_accuracy": 0.9461731819363786,
  "best_validation_accuracy3": 0.9530207159573546,
  "best_validation_loss": 0.797940731048584,
  "best_validation_reg_loss": 0.0
}