{
  "best_epoch": 19,
  "peak_worker_0_memory_MB": 658.352,
  "peak_gpu_0_memory_MB": 2,
  "training_duration": "0:00:49.537518",
  "training_start_epoch": 0,
  "training_epochs": 19,
  "epoch": 19,
  "training_accuracy": 0.9520496965533035,
  "training_accuracy3": 0.970313752433299,
  "training_loss": 0.2015752585037895,
  "training_reg_loss": 0.0,
  "training_worker_0_memory_MB": 658.352,
  "training_gpu_0_memory_MB": 2,
  "validation_accuracy": 0.9479934124989166,
  "validation_accuracy3": 0.9661957181242957,
  "validation_loss": 0.28304153494536877,
  "validation_reg_loss": 0.0,
  "best_validation_accuracy": 0.9479934124989166,
  "best_validation_accuracy3": 0.9661957181242957,
  "best_validation_loss": 0.28304153494536877,
  "best_validation_reg_loss": 0.0
}