{
  "best_epoch": 13,
  "peak_worker_0_memory_MB": 655.4,
  "peak_gpu_0_memory_MB": 2,
  "training_duration": "0:00:34.789088",
  "training_start_epoch": 0,
  "training_epochs": 13,
  "epoch": 13,
  "training_accuracy": 0.9487003320737433,
  "training_accuracy3": 0.9668498797664034,
  "training_loss": 0.22907311372134997,
  "training_reg_loss": 0.0,
  "training_worker_0_memory_MB": 655.4,
  "training_gpu_0_memory_MB": 2,
  "validation_accuracy": 0.9477333795614111,
  "validation_accuracy3": 0.9641154546242524,
  "validation_loss": 0.2921191640198231,
  "validation_reg_loss": 0.0,
  "best_validation_accuracy": 0.9477333795614111,
  "best_validation_accuracy3": 0.9641154546242524,
  "best_validation_loss": 0.2921191640198231,
  "best_validation_reg_loss": 0.0
}