{
  "best_epoch": 28,
  "peak_worker_0_memory_MB": 658.352,
  "peak_gpu_0_memory_MB": 2,
  "training_duration": "0:01:11.744379",
  "training_start_epoch": 0,
  "training_epochs": 28,
  "epoch": 28,
  "training_accuracy": 0.9590060689339288,
  "training_accuracy3": 0.9764685675025764,
  "training_loss": 0.17515577829402426,
  "training_reg_loss": 0.0,
  "training_worker_0_memory_MB": 658.352,
  "training_gpu_0_memory_MB": 2,
  "validation_accuracy": 0.9503337089364653,
  "validation_accuracy3": 0.9668024616451417,
  "validation_loss": 0.27828135527670383,
  "validation_reg_loss": 0.0,
  "best_validation_accuracy": 0.9503337089364653,
  "best_validation_accuracy3": 0.9668024616451417,
  "best_validation_loss": 0.27828135527670383,
  "best_validation_reg_loss": 0.0
}