{
  "best_epoch": 6,
  "peak_worker_0_memory_MB": 655.4,
  "peak_gpu_0_memory_MB": 2,
  "training_duration": "0:00:17.496550",
  "training_start_epoch": 0,
  "training_epochs": 6,
  "epoch": 6,
  "training_accuracy": 0.9472976067788846,
  "training_accuracy3": 0.9654471544715447,
  "training_loss": 0.31908923193164496,
  "training_reg_loss": 0.0,
  "training_worker_0_memory_MB": 655.4,
  "training_gpu_0_memory_MB": 2,
  "validation_accuracy": 0.9461731819363786,
  "validation_accuracy3": 0.9652422640201093,
  "validation_loss": 0.34222752414643764,
  "validation_reg_loss": 0.0,
  "best_validation_accuracy": 0.9461731819363786,
  "best_validation_accuracy3": 0.9652422640201093,
  "best_validation_loss": 0.34222752414643764,
  "best_validation_reg_loss": 0.0
}