{
  "best_epoch": 34,
  "peak_worker_0_memory_MB": 658.352,
  "peak_gpu_0_memory_MB": 2,
  "training_duration": "0:01:26.847300",
  "training_start_epoch": 0,
  "training_epochs": 34,
  "epoch": 34,
  "training_accuracy": 0.9656761708462155,
  "training_accuracy3": 0.9805908622466506,
  "training_loss": 0.15693205206290536,
  "training_reg_loss": 0.0,
  "training_worker_0_memory_MB": 658.352,
  "training_gpu_0_memory_MB": 2,
  "validation_accuracy": 0.9517205512698275,
  "validation_accuracy3": 0.9660223628326254,
  "validation_loss": 0.27548541873693466,
  "validation_reg_loss": 0.0,
  "best_validation_accuracy": 0.9517205512698275,
  "best_validation_accuracy3": 0.9660223628326254,
  "best_validation_loss": 0.27548541873693466,
  "best_validation_reg_loss": 0.0
}