{
  "best_epoch": 38,
  "peak_worker_0_memory_MB": 658.352,
  "peak_gpu_0_memory_MB": 2,
  "training_duration": "0:01:36.705097",
  "training_start_epoch": 0,
  "training_epochs": 38,
  "epoch": 38,
  "training_accuracy": 0.9701419901522959,
  "training_accuracy3": 0.9819649604946754,
  "training_loss": 0.1439837356624396,
  "training_reg_loss": 0.0,
  "training_worker_0_memory_MB": 658.352,
  "training_gpu_0_memory_MB": 2,
  "validation_accuracy": 0.9528473606656843,
  "validation_accuracy3": 0.9665424287076363,
  "validation_loss": 0.27373545430600643,
  "validation_reg_loss": 0.0,
  "best_validation_accuracy": 0.9528473606656843,
  "best_validation_accuracy3": 0.9665424287076363,
  "best_validation_loss": 0.27373545430600643,
  "best_validation_reg_loss": 0.0
}