{
  "best_epoch": 18,
  "peak_worker_0_memory_MB": 658.088,
  "peak_gpu_0_memory_MB": 2,
  "training_duration": "0:01:24.425762",
  "training_start_epoch": 0,
  "training_epochs": 18,
  "epoch": 18,
  "training_accuracy": 0.9567445322340548,
  "training_accuracy3": 0.9588915607465934,
  "training_loss": 271.77357482910156,
  "training_reg_loss": 0.0,
  "training_worker_0_memory_MB": 658.088,
  "training_gpu_0_memory_MB": 2,
  "validation_accuracy": 0.9481667677905868,
  "validation_accuracy3": 0.9500736759989599,
  "validation_loss": 390.4258003234863,
  "validation_reg_loss": 0.0,
  "best_validation_accuracy": 0.9481667677905868,
  "best_validation_accuracy3": 0.9500736759989599,
  "best_validation_loss": 390.4258003234863,
  "best_validation_reg_loss": 0.0
}