{
  "best_epoch": 46,
  "peak_worker_0_memory_MB": 660.016,
  "peak_gpu_0_memory_MB": 2,
  "training_duration": "0:03:33.076058",
  "training_start_epoch": 0,
  "training_epochs": 47,
  "epoch": 47,
  "training_accuracy": 0.9840547349135463,
  "training_accuracy3": 0.9852856979274018,
  "training_loss": 101.96982226164445,
  "training_reg_loss": 0.0,
  "training_worker_0_memory_MB": 660.016,
  "training_gpu_0_memory_MB": 2,
  "validation_accuracy": 0.9536274594782006,
  "validation_accuracy3": 0.9553610123949033,
  "validation_loss": 361.25196266174316,
  "validation_reg_loss": 0.0,
  "best_validation_accuracy": 0.9538008147698709,
  "best_validation_accuracy3": 0.9555343676865736,
  "best_validation_loss": 360.9471664428711,
  "best_validation_reg_loss": 0.0
}