{
  "best_epoch": 32,
  "peak_worker_0_memory_MB": 660.004,
  "peak_gpu_0_memory_MB": 2,
  "training_duration": "0:02:26.408637",
  "training_start_epoch": 0,
  "training_epochs": 32,
  "epoch": 32,
  "training_accuracy": 0.9650750028627046,
  "training_accuracy3": 0.9673079125157449,
  "training_loss": 198.31836269212806,
  "training_reg_loss": 0.0,
  "training_worker_0_memory_MB": 660.004,
  "training_gpu_0_memory_MB": 2,
  "validation_accuracy": 0.9511138077489816,
  "validation_accuracy3": 0.9531073936031897,
  "validation_loss": 373.762508392334,
  "validation_reg_loss": 0.0,
  "best_validation_accuracy": 0.9511138077489816,
  "best_validation_accuracy3": 0.9531073936031897,
  "best_validation_loss": 373.762508392334,
  "best_validation_reg_loss": 0.0
}