{
  "best_epoch": 11,
  "peak_worker_0_memory_MB": 658.088,
  "peak_gpu_0_memory_MB": 2,
  "training_duration": "0:00:53.482844",
  "training_start_epoch": 0,
  "training_epochs": 11,
  "epoch": 11,
  "training_accuracy": 0.9484140616054048,
  "training_accuracy3": 0.9505610901179434,
  "training_loss": 333.5466836017111,
  "training_reg_loss": 0.0,
  "training_worker_0_memory_MB": 658.088,
  "training_gpu_0_memory_MB": 2,
  "validation_accuracy": 0.9478200572072463,
  "validation_accuracy3": 0.9497269654156193,
  "validation_loss": 403.2444877624512,
  "validation_reg_loss": 0.0,
  "best_validation_accuracy": 0.9478200572072463,
  "best_validation_accuracy3": 0.9497269654156193,
  "best_validation_loss": 403.2444877624512,
  "best_validation_reg_loss": 0.0
}