{
  "best_epoch": 37,
  "peak_worker_0_memory_MB": 660.004,
  "peak_gpu_0_memory_MB": 2,
  "training_duration": "0:02:48.602022",
  "training_start_epoch": 0,
  "training_epochs": 37,
  "epoch": 37,
  "training_accuracy": 0.9736917439596932,
  "training_accuracy3": 0.9759246536127333,
  "training_loss": 164.16454290307087,
  "training_reg_loss": 0.0,
  "training_worker_0_memory_MB": 660.004,
  "training_gpu_0_memory_MB": 2,
  "validation_accuracy": 0.9528473606656843,
  "validation_accuracy3": 0.9548409465198925,
  "validation_loss": 366.97244453430176,
  "validation_reg_loss": 0.0,
  "best_validation_accuracy": 0.9528473606656843,
  "best_validation_accuracy3": 0.9548409465198925,
  "best_validation_loss": 366.97244453430176,
  "best_validation_reg_loss": 0.0
}