{
  "best_epoch": 5,
  "peak_worker_0_memory_MB": 656.82,
  "peak_gpu_0_memory_MB": 2,
  "training_duration": "0:00:26.655522",
  "training_start_epoch": 0,
  "training_epochs": 5,
  "epoch": 5,
  "training_accuracy": 0.9472976067788846,
  "training_accuracy3": 0.9494446352914233,
  "training_loss": 487.0713056481403,
  "training_reg_loss": 0.0,
  "training_worker_0_memory_MB": 656.82,
  "training_gpu_0_memory_MB": 2,
  "validation_accuracy": 0.9461731819363786,
  "validation_accuracy3": 0.9480800901447517,
  "validation_loss": 474.4017219543457,
  "validation_reg_loss": 0.0,
  "best_validation_accuracy": 0.9461731819363786,
  "best_validation_accuracy3": 0.9480800901447517,
  "best_validation_loss": 474.4017219543457,
  "best_validation_reg_loss": 0.0
}