{
  "best_epoch": 48,
  "peak_worker_0_memory_MB": 660.016,
  "peak_gpu_0_memory_MB": 2,
  "training_duration": "0:03:41.920533",
  "training_start_epoch": 0,
  "training_epochs": 49,
  "epoch": 49,
  "training_accuracy": 0.9845413947097218,
  "training_accuracy3": 0.9856864765830757,
  "training_loss": 93.23705125891644,
  "training_reg_loss": 0.0,
  "training_worker_0_memory_MB": 660.016,
  "training_gpu_0_memory_MB": 2,
  "validation_accuracy": 0.953887492415706,
  "validation_accuracy3": 0.9556210453324088,
  "validation_loss": 360.37043380737305,
  "validation_reg_loss": 0.0,
  "best_validation_accuracy": 0.953887492415706,
  "best_validation_accuracy3": 0.9556210453324088,
  "best_validation_loss": 359.54281997680664,
  "best_validation_reg_loss": 0.0,
  "test_accuracy": 0.953887492415706,
  "test_accuracy3": 0.9556210453324088,
  "test_loss": 359.54281997680664
}