{
  "best_epoch": 12,
  "peak_worker_0_memory_MB": 658.088,
  "peak_gpu_0_memory_MB": 2,
  "training_duration": "0:00:57.890413",
  "training_start_epoch": 0,
  "training_epochs": 12,
  "epoch": 12,
  "training_accuracy": 0.9487289591205771,
  "training_accuracy3": 0.9508759876331158,
  "training_loss": 319.79356583305025,
  "training_reg_loss": 0.0,
  "training_worker_0_memory_MB": 658.088,
  "training_gpu_0_memory_MB": 2,
  "validation_accuracy": 0.9478200572072463,
  "validation_accuracy3": 0.9497269654156193,
  "validation_loss": 399.2813968658447,
  "validation_reg_loss": 0.0,
  "best_validation_accuracy": 0.9478200572072463,
  "best_validation_accuracy3": 0.9497269654156193,
  "best_validation_loss": 399.2813968658447,
  "best_validation_reg_loss": 0.0
}