{
  "best_epoch": 4,
  "peak_worker_0_memory_MB": 656.82,
  "peak_gpu_0_memory_MB": 2,
  "training_duration": "0:00:22.291192",
  "training_start_epoch": 0,
  "training_epochs": 4,
  "epoch": 4,
  "training_accuracy": 0.9472976067788846,
  "training_accuracy3": 0.9494446352914233,
  "training_loss": 513.1385610829229,
  "training_reg_loss": 0.0,
  "training_worker_0_memory_MB": 656.82,
  "training_gpu_0_memory_MB": 2,
  "validation_accuracy": 0.9461731819363786,
  "validation_accuracy3": 0.9480800901447517,
  "validation_loss": 491.8105945587158,
  "validation_reg_loss": 0.0,
  "best_validation_accuracy": 0.9461731819363786,
  "best_validation_accuracy3": 0.9480800901447517,
  "best_validation_loss": 491.8105945587158,
  "best_validation_reg_loss": 0.0
}