{
  "best_epoch": 2,
  "peak_worker_0_memory_MB": 644.116,
  "peak_gpu_0_memory_MB": 2,
  "training_duration": "0:00:13.438502",
  "training_start_epoch": 0,
  "training_epochs": 2,
  "epoch": 2,
  "training_accuracy": 0.9472976067788846,
  "training_accuracy3": 0.9494446352914233,
  "training_loss": 608.0584371815557,
  "training_reg_loss": 0.0,
  "training_worker_0_memory_MB": 644.116,
  "training_gpu_0_memory_MB": 2,
  "validation_accuracy": 0.9461731819363786,
  "validation_accuracy3": 0.9480800901447517,
  "validation_loss": 545.0586433410645,
  "validation_reg_loss": 0.0,
  "best_validation_accuracy": 0.9461731819363786,
  "best_validation_accuracy3": 0.9480800901447517,
  "best_validation_loss": 545.0586433410645,
  "best_validation_reg_loss": 0.0
}