{
  "best_epoch": 12,
  "peak_worker_0_memory_MB": 606.732,
  "peak_gpu_0_memory_MB": 2,
  "training_duration": "0:00:11.705566",
  "training_start_epoch": 0,
  "training_epochs": 12,
  "epoch": 12,
  "training_accuracy": 0.5084676873052432,
  "training_accuracy3": 0.5808156076412411,
  "training_loss": 2242.776904296875,
  "training_reg_loss": 0.0,
  "training_worker_0_memory_MB": 606.732,
  "training_gpu_0_memory_MB": 2,
  "validation_accuracy": 0.4910122989593188,
  "validation_accuracy3": 0.5704824976348155,
  "validation_loss": 1591.056884765625,
  "validation_reg_loss": 0.0,
  "best_validation_accuracy": 0.4910122989593188,
  "best_validation_accuracy3": 0.5704824976348155,
  "best_validation_loss": 1591.056884765625,
  "best_validation_reg_loss": 0.0
}