{
  "best_epoch": 37,
  "peak_worker_0_memory_MB": 606.732,
  "peak_gpu_0_memory_MB": 2,
  "training_duration": "0:00:34.320626",
  "training_start_epoch": 0,
  "training_epochs": 37,
  "epoch": 37,
  "training_accuracy": 0.9309036715892156,
  "training_accuracy3": 0.9409294133586235,
  "training_loss": 591.175,
  "training_reg_loss": 0.0,
  "training_worker_0_memory_MB": 606.732,
  "training_gpu_0_memory_MB": 2,
  "validation_accuracy": 0.8401135288552507,
  "validation_accuracy3": 0.8722800378429517,
  "validation_loss": 650.7383422851562,
  "validation_reg_loss": 0.0,
  "best_validation_accuracy": 0.8401135288552507,
  "best_validation_accuracy3": 0.8722800378429517,
  "best_validation_loss": 650.7383422851562,
  "best_validation_reg_loss": 0.0
}