{
  "best_epoch": 28,
  "peak_worker_0_memory_MB": 606.732,
  "peak_gpu_0_memory_MB": 2,
  "training_duration": "0:00:26.206326",
  "training_start_epoch": 0,
  "training_epochs": 28,
  "epoch": 28,
  "training_accuracy": 0.8611299281940117,
  "training_accuracy3": 0.8898523235333966,
  "training_loss": 953.9656127929687,
  "training_reg_loss": 0.0,
  "training_worker_0_memory_MB": 606.732,
  "training_gpu_0_memory_MB": 2,
  "validation_accuracy": 0.783349101229896,
  "validation_accuracy3": 0.8249763481551561,
  "validation_loss": 830.0104370117188,
  "validation_reg_loss": 0.0,
  "best_validation_accuracy": 0.783349101229896,
  "best_validation_accuracy3": 0.8249763481551561,
  "best_validation_loss": 830.0104370117188,
  "best_validation_reg_loss": 0.0
}