{
  "best_epoch": 10,
  "peak_worker_0_memory_MB": 606.732,
  "peak_gpu_0_memory_MB": 2,
  "training_duration": "0:00:09.941724",
  "training_start_epoch": 0,
  "training_epochs": 10,
  "epoch": 10,
  "training_accuracy": 0.4542744885516868,
  "training_accuracy3": 0.5247256469313101,
  "training_loss": 2480.1896240234373,
  "training_reg_loss": 0.0,
  "training_worker_0_memory_MB": 606.732,
  "training_gpu_0_memory_MB": 2,
  "validation_accuracy": 0.44087038789025546,
  "validation_accuracy3": 0.5165562913907285,
  "validation_loss": 1755.8351440429688,
  "validation_reg_loss": 0.0,
  "best_validation_accuracy": 0.44087038789025546,
  "best_validation_accuracy3": 0.5165562913907285,
  "best_validation_loss": 1755.8351440429688,
  "best_validation_reg_loss": 0.0
}