{
  "best_epoch": 30,
  "peak_worker_0_memory_MB": 606.732,
  "peak_gpu_0_memory_MB": 2,
  "training_duration": "0:00:27.990088",
  "training_start_epoch": 0,
  "training_epochs": 30,
  "epoch": 30,
  "training_accuracy": 0.8776588538138463,
  "training_accuracy3": 0.9019103102560628,
  "training_loss": 851.9674072265625,
  "training_reg_loss": 0.0,
  "training_worker_0_memory_MB": 606.732,
  "training_gpu_0_memory_MB": 2,
  "validation_accuracy": 0.8003784295175024,
  "validation_accuracy3": 0.8396404919583728,
  "validation_loss": 777.3529663085938,
  "validation_reg_loss": 0.0,
  "best_validation_accuracy": 0.8003784295175024,
  "best_validation_accuracy3": 0.8396404919583728,
  "best_validation_loss": 777.3529663085938,
  "best_validation_reg_loss": 0.0
}