{
  "best_epoch": 22,
  "peak_worker_0_memory_MB": 606.732,
  "peak_gpu_0_memory_MB": 2,
  "training_duration": "0:00:20.735887",
  "training_start_epoch": 0,
  "training_epochs": 22,
  "epoch": 22,
  "training_accuracy": 0.7818723750169354,
  "training_accuracy3": 0.8287494919387617,
  "training_loss": 1335.7039184570312,
  "training_reg_loss": 0.0,
  "training_worker_0_memory_MB": 606.732,
  "training_gpu_0_memory_MB": 2,
  "validation_accuracy": 0.7332071901608326,
  "validation_accuracy3": 0.7857142857142857,
  "validation_loss": 1044.8770751953125,
  "validation_reg_loss": 0.0,
  "best_validation_accuracy": 0.7332071901608326,
  "best_validation_accuracy3": 0.7857142857142857,
  "best_validation_loss": 1044.8770751953125,
  "best_validation_reg_loss": 0.0
}