{
  "best_epoch": 35,
  "peak_worker_0_memory_MB": 606.732,
  "peak_gpu_0_memory_MB": 2,
  "training_duration": "0:00:32.509582",
  "training_start_epoch": 0,
  "training_epochs": 35,
  "epoch": 35,
  "training_accuracy": 0.9189811678634331,
  "training_accuracy3": 0.9323939845549384,
  "training_loss": 652.7660949707031,
  "training_reg_loss": 0.0,
  "training_worker_0_memory_MB": 606.732,
  "training_gpu_0_memory_MB": 2,
  "validation_accuracy": 0.8311258278145696,
  "validation_accuracy3": 0.8637653736991485,
  "validation_loss": 679.1229553222656,
  "validation_reg_loss": 0.0,
  "best_validation_accuracy": 0.8311258278145696,
  "best_validation_accuracy3": 0.8637653736991485,
  "best_validation_loss": 679.1229553222656,
  "best_validation_reg_loss": 0.0
}