{
  "best_epoch": 26,
  "peak_worker_0_memory_MB": 606.732,
  "peak_gpu_0_memory_MB": 2,
  "training_duration": "0:00:24.381755",
  "training_start_epoch": 0,
  "training_epochs": 26,
  "epoch": 26,
  "training_accuracy": 0.8401300636770085,
  "training_accuracy3": 0.875626608860588,
  "training_loss": 1075.9183715820313,
  "training_reg_loss": 0.0,
  "training_worker_0_memory_MB": 606.732,
  "training_gpu_0_memory_MB": 2,
  "validation_accuracy": 0.772469252601703,
  "validation_accuracy3": 0.8159886471144749,
  "validation_loss": 888.875732421875,
  "validation_reg_loss": 0.0,
  "best_validation_accuracy": 0.772469252601703,
  "best_validation_accuracy3": 0.8159886471144749,
  "best_validation_loss": 888.875732421875,
  "best_validation_reg_loss": 0.0
}