{
  "best_epoch": 42,
  "peak_worker_0_memory_MB": 606.732,
  "peak_gpu_0_memory_MB": 2,
  "training_duration": "0:00:38.813816",
  "training_start_epoch": 0,
  "training_epochs": 42,
  "epoch": 42,
  "training_accuracy": 0.9444519712776046,
  "training_accuracy3": 0.9528519170844059,
  "training_loss": 467.9825134277344,
  "training_reg_loss": 0.0,
  "training_worker_0_memory_MB": 606.732,
  "training_gpu_0_memory_MB": 2,
  "validation_accuracy": 0.847682119205298,
  "validation_accuracy3": 0.8774834437086093,
  "validation_loss": 595.3482055664062,
  "validation_reg_loss": 0.0,
  "best_validation_accuracy": 0.847682119205298,
  "best_validation_accuracy3": 0.8774834437086093,
  "best_validation_loss": 595.3482055664062,
  "best_validation_reg_loss": 0.0
}