{
  "best_epoch": 34,
  "peak_worker_0_memory_MB": 606.732,
  "peak_gpu_0_memory_MB": 2,
  "training_duration": "0:00:31.618447",
  "training_start_epoch": 0,
  "training_epochs": 34,
  "epoch": 34,
  "training_accuracy": 0.9146457119631486,
  "training_accuracy3": 0.9284649776453056,
  "training_loss": 688.447412109375,
  "training_reg_loss": 0.0,
  "training_worker_0_memory_MB": 606.732,
  "training_gpu_0_memory_MB": 2,
  "validation_accuracy": 0.8273415326395459,
  "validation_accuracy3": 0.8604541154210028,
  "validation_loss": 695.5559387207031,
  "validation_reg_loss": 0.0,
  "best_validation_accuracy": 0.8273415326395459,
  "best_validation_accuracy3": 0.8604541154210028,
  "best_validation_loss": 695.5559387207031,
  "best_validation_reg_loss": 0.0
}