{
  "best_epoch": 24,
  "peak_worker_0_memory_MB": 606.732,
  "peak_gpu_0_memory_MB": 2,
  "training_duration": "0:00:22.561457",
  "training_start_epoch": 0,
  "training_epochs": 24,
  "epoch": 24,
  "training_accuracy": 0.8111367023438558,
  "training_accuracy3": 0.8531364313778621,
  "training_loss": 1202.6348876953125,
  "training_reg_loss": 0.0,
  "training_worker_0_memory_MB": 606.732,
  "training_gpu_0_memory_MB": 2,
  "validation_accuracy": 0.7587511825922422,
  "validation_accuracy3": 0.8051087984862819,
  "validation_loss": 960.2571105957031,
  "validation_reg_loss": 0.0,
  "best_validation_accuracy": 0.7587511825922422,
  "best_validation_accuracy3": 0.8051087984862819,
  "best_validation_loss": 960.2571105957031,
  "best_validation_reg_loss": 0.0
}