{
  "best_epoch": 39,
  "peak_worker_0_memory_MB": 606.732,
  "peak_gpu_0_memory_MB": 2,
  "training_duration": "0:00:36.129703",
  "training_start_epoch": 0,
  "training_epochs": 39,
  "epoch": 39,
  "training_accuracy": 0.9353746104863839,
  "training_accuracy3": 0.9451293862620241,
  "training_loss": 537.5032836914063,
  "training_reg_loss": 0.0,
  "training_worker_0_memory_MB": 606.732,
  "training_gpu_0_memory_MB": 2,
  "validation_accuracy": 0.8453169347209082,
  "validation_accuracy3": 0.8755912961210974,
  "validation_loss": 625.2349395751953,
  "validation_reg_loss": 0.0,
  "best_validation_accuracy": 0.8453169347209082,
  "best_validation_accuracy3": 0.8755912961210974,
  "best_validation_loss": 625.2349395751953,
  "best_validation_reg_loss": 0.0
}