{
  "best_epoch": 15,
  "peak_worker_0_memory_MB": 606.732,
  "peak_gpu_0_memory_MB": 2,
  "training_duration": "0:00:14.422857",
  "training_start_epoch": 0,
  "training_epochs": 15,
  "epoch": 15,
  "training_accuracy": 0.5889445874542745,
  "training_accuracy3": 0.6570925348868717,
  "training_loss": 1923.3630004882812,
  "training_reg_loss": 0.0,
  "training_worker_0_memory_MB": 606.732,
  "training_gpu_0_memory_MB": 2,
  "validation_accuracy": 0.5723746452223274,
  "validation_accuracy3": 0.6447492904446547,
  "validation_loss": 1400.8683471679688,
  "validation_reg_loss": 0.0,
  "best_validation_accuracy": 0.5723746452223274,
  "best_validation_accuracy3": 0.6447492904446547,
  "best_validation_loss": 1400.8683471679688,
  "best_validation_reg_loss": 0.0
}