{
  "best_epoch": 20,
  "peak_worker_0_memory_MB": 606.732,
  "peak_gpu_0_memory_MB": 2,
  "training_duration": "0:00:18.873866",
  "training_start_epoch": 0,
  "training_epochs": 20,
  "epoch": 20,
  "training_accuracy": 0.7344533261075735,
  "training_accuracy3": 0.7867497629047554,
  "training_loss": 1493.507958984375,
  "training_reg_loss": 0.0,
  "training_worker_0_memory_MB": 606.732,
  "training_gpu_0_memory_MB": 2,
  "validation_accuracy": 0.7114474929044465,
  "validation_accuracy3": 0.7653736991485336,
  "validation_loss": 1133.6110229492188,
  "validation_reg_loss": 0.0,
  "best_validation_accuracy": 0.7114474929044465,
  "best_validation_accuracy3": 0.7653736991485336,
  "best_validation_loss": 1133.6110229492188,
  "best_validation_reg_loss": 0.0
}