{
  "best_epoch": 13,
  "peak_worker_0_memory_MB": 606.732,
  "peak_gpu_0_memory_MB": 2,
  "training_duration": "0:00:12.617064",
  "training_start_epoch": 0,
  "training_epochs": 13,
  "epoch": 13,
  "training_accuracy": 0.5305514157973175,
  "training_accuracy3": 0.6005961251862891,
  "training_loss": 2120.0580810546876,
  "training_reg_loss": 0.0,
  "training_worker_0_memory_MB": 606.732,
  "training_gpu_0_memory_MB": 2,
  "validation_accuracy": 0.5122989593188269,
  "validation_accuracy3": 0.5846736045411542,
  "validation_loss": 1527.0585327148438,
  "validation_reg_loss": 0.0,
  "best_validation_accuracy": 0.5122989593188269,
  "best_validation_accuracy3": 0.5846736045411542,
  "best_validation_loss": 1527.0585327148438,
  "best_validation_reg_loss": 0.0
}