{
  "best_epoch": 45,
  "peak_worker_0_memory_MB": 612.752,
  "peak_gpu_0_memory_MB": 2,
  "training_duration": "0:00:41.497884",
  "training_start_epoch": 0,
  "training_epochs": 45,
  "epoch": 45,
  "training_accuracy": 0.947703563202818,
  "training_accuracy3": 0.9550196450345482,
  "training_loss": 413.5541931152344,
  "training_reg_loss": 0.0,
  "training_worker_0_memory_MB": 612.752,
  "training_gpu_0_memory_MB": 2,
  "validation_accuracy": 0.8486281929990539,
  "validation_accuracy3": 0.8784295175023652,
  "validation_loss": 573.3690948486328,
  "validation_reg_loss": 0.0,
  "best_validation_accuracy": 0.8486281929990539,
  "best_validation_accuracy3": 0.8784295175023652,
  "best_validation_loss": 573.3690948486328,
  "best_validation_reg_loss": 0.0
}