{
  "best_epoch": 29,
  "peak_worker_0_memory_MB": 606.732,
  "peak_gpu_0_memory_MB": 2,
  "training_duration": "0:00:27.086620",
  "training_start_epoch": 0,
  "training_epochs": 29,
  "epoch": 29,
  "training_accuracy": 0.8680395610350901,
  "training_accuracy3": 0.8951361604118683,
  "training_loss": 901.77890625,
  "training_reg_loss": 0.0,
  "training_worker_0_memory_MB": 606.732,
  "training_gpu_0_memory_MB": 2,
  "validation_accuracy": 0.7899716177861873,
  "validation_accuracy3": 0.8301797540208137,
  "validation_loss": 799.2358093261719,
  "validation_reg_loss": 0.0,
  "best_validation_accuracy": 0.7899716177861873,
  "best_validation_accuracy3": 0.8301797540208137,
  "best_validation_loss": 799.2358093261719,
  "best_validation_reg_loss": 0.0
}