{
  "best_epoch": 49,
  "peak_worker_0_memory_MB": 612.752,
  "peak_gpu_0_memory_MB": 2,
  "training_duration": "0:00:45.101027",
  "training_start_epoch": 0,
  "training_epochs": 49,
  "epoch": 49,
  "training_accuracy": 0.9548841620376642,
  "training_accuracy3": 0.9620647608725105,
  "training_loss": 355.877880859375,
  "training_reg_loss": 0.0,
  "training_worker_0_memory_MB": 612.752,
  "training_gpu_0_memory_MB": 2,
  "validation_accuracy": 0.8514664143803217,
  "validation_accuracy3": 0.881267738883633,
  "validation_loss": 552.583251953125,
  "validation_reg_loss": 0.0,
  "best_validation_accuracy": 0.8514664143803217,
  "best_validation_accuracy3": 0.881267738883633,
  "best_validation_loss": 552.583251953125,
  "best_validation_reg_loss": 0.0
}