{
  "best_epoch": 25,
  "peak_worker_0_memory_MB": 606.732,
  "peak_gpu_0_memory_MB": 2,
  "training_duration": "0:00:23.474136",
  "training_start_epoch": 0,
  "training_epochs": 25,
  "epoch": 25,
  "training_accuracy": 0.8261753149979677,
  "training_accuracy3": 0.8651944181005283,
  "training_loss": 1127.0832153320312,
  "training_reg_loss": 0.0,
  "training_worker_0_memory_MB": 606.732,
  "training_gpu_0_memory_MB": 2,
  "validation_accuracy": 0.7658467360454115,
  "validation_accuracy3": 0.8117313150425733,
  "validation_loss": 925.3407287597656,
  "validation_reg_loss": 0.0,
  "best_validation_accuracy": 0.7658467360454115,
  "best_validation_accuracy3": 0.8117313150425733,
  "best_validation_loss": 925.3407287597656,
  "best_validation_reg_loss": 0.0
}