{
  "best_epoch": 4,
  "peak_worker_0_memory_MB": 606.732,
  "peak_gpu_0_memory_MB": 2,
  "training_duration": "0:00:04.569915",
  "training_start_epoch": 0,
  "training_epochs": 4,
  "epoch": 4,
  "training_accuracy": 0.30537867497629045,
  "training_accuracy3": 0.3774556293185205,
  "training_loss": 3186.58427734375,
  "training_reg_loss": 0.0,
  "training_worker_0_memory_MB": 606.732,
  "training_gpu_0_memory_MB": 2,
  "validation_accuracy": 0.325922421948912,
  "validation_accuracy3": 0.402081362346263,
  "validation_loss": 2246.5325317382812,
  "validation_reg_loss": 0.0,
  "best_validation_accuracy": 0.325922421948912,
  "best_validation_accuracy3": 0.402081362346263,
  "best_validation_loss": 2246.5325317382812,
  "best_validation_reg_loss": 0.0
}